code,name
300601,康泰生物
300661,圣邦股份
2049,紫光国微
2371,北方华创
300529,健帆生物
600536,中国软件
300595,欧普康视
601012,隆基股份
661,长春高新
603986,兆易创新
300347,泰格医药
600763,通策医疗
300015,爱尔眼科
600276,恒瑞医药
300558,贝达药业
600211,西藏药业
603658,安图生物
600436,片仔癀
300759,康龙化成
858,五粮液
600519,贵州茅台
601888,中国国旅
568,泸州老窖
601318,中国平安
600887,伊利股份
600004,白云机场
600009,上海机场
2475,立讯精密
600588,用友网络
63,中兴通讯
2465,海格通信
2436,兴森科技
300059,东方财富
601231,环旭电子
600584,长电科技
2415,海康威视
600498,烽火通信
603939,益丰药房
603233,大参林
300253,卫宁健康
2727,一心堂
300725,药石科技
300357,我武生物
300782,卓胜微
601698,中国卫通
601236,红塔证券
300594,朗进科技
603867,新化股份
2463,沪电股份
600183,生益科技
600845,宝信软件
2916,深南电路
2841,视源股份
603160,汇顶科技
300628,亿联网络
300014,亿纬锂能
2938,鹏鼎控股
300207,欣旺达
2410,广联达
2439,启明星辰
2912,中新赛克
300271,华宇软件
601155,新城控股
961,中南建设
600036,招商银行
596,古井贡酒
601799,星宇股份
2271,东方雨虹
601100,恒立液压
2304,洋河股份
860,顺鑫农业
603589,口子窖
600809,山西汾酒
603369,今世缘
600779,水井坊
725,京东方A
100,TCL集团
2008,大族激光
600703,三安光电
2236,大华股份
413,东旭光电
300408,三环集团
300136,信维通信
600600,青岛啤酒
300394,天孚通信
300502,新易盛
600438,通威股份
603186,华正新材
2796,世嘉科技
2821,凯莱英
600161,天坛生物
300760,迈瑞医疗
600529,山东药玻
963,华东医药
300630,普利制药
600055,万东医疗
300463,迈克生物
300482,万孚生物
600271,航天信息
603019,中科曙光
603259,药明康德
2607,中公教育
300226,上海钢联
651,格力电器
333,美的集团
300450,先导智能
2449,国星光电
603228,景旺电子
300383,光环新网
300232,洲明科技
601877,正泰电器
2007,华兰生物
700,腾讯控股
600745,闻泰科技
300113,顺网科技
300567,精测电子
603960,克来机电
3888,金山软件
300003,乐普医疗
603883,老百姓
2714,牧原股份
300523,辰安科技
2891,中宠股份
300114,中航电测
2901,大博医疗
2382,蓝帆医疗
300316,晶盛机电
300673,佩蒂股份
2352,顺丰控股
300699,光威复材
2913,奥士康
2179,中航光电
2125,湘潭电化
300679,电连技术
600367,红星发展
69,华侨城A
300097,智云股份
2886,沃特股份
546,金圆股份
968,信义光能
2027,分众传媒
300662,科锐国际
601166,兴业银行
300443,金雷股份
2690,美亚光电
603583,捷昌驱动
300122,智飞生物
601601,中国太保
300498,温氏股份
600048,保利地产
2123,梦网集团
600570,恒生电子
603899,晨光文具
2372,伟星新材
2138,顺络电子
600031,三一重工
600330,天通股份
2705,新宝股份
600486,扬农化工
988,华工科技
300735,光弘科技
603068,博通集成
